,date,surf_norm_irradiance (kwh/m2*day),max elevation (deg),sunrise,solar_noon,sunset,sunlight (hours),min sun_surf_angle (deg),recoverable power (kwh/day)
0,2019-01-01,4.104261884753412,28.75090751687207,7.447231677113642,12.22171172542744,16.996191773741234,9.554242555963162,36.337715453389094,1.7308359831870834
1,2019-01-02,4.116721468533518,28.836936477994694,7.449607066976284,12.229487223314518,17.009367379652755,9.56555871780843,36.24824783286519,1.7360903983651823
2,2019-01-03,4.130049565907202,28.93037381919851,7.451425728416276,12.2372255248007,17.02302532118512,9.577873582743557,36.149692222553,1.7417110802732958
3,2019-01-04,4.144280449887971,29.031228734790215,7.452666318973663,12.244863707574076,17.03706109617449,9.5911385506177,36.0439707321228,1.7477124824152928
4,2019-01-05,4.1594244751189775,29.14346445483715,7.453326671693473,12.252393697190755,17.051460722688034,9.605341425284092,35.93112352865313,1.754098971517631
5,2019-01-06,4.175487970302717,29.262934171924485,7.453405186692463,12.259807605793911,17.06621002489536,9.620469269738065,35.81119350290493,1.7608732165001582
6,2019-01-07,4.1921797304064565,29.389587113261282,7.452900822802954,12.267097744152824,17.081294665502696,9.636508447711755,35.6842262323535,1.767912411322887
7,2019-01-08,4.21007259491704,29.5233695712829,7.45181308792596,12.274256633199332,17.09670017847271,9.653444666715071,35.55026994230801,1.7754581319924807
8,2019-01-09,4.228880999147971,29.66422495778027,7.450142028199047,12.28127701503591,17.112412001872773,9.671263022259955,35.40937546529785,1.783389951097435
9,2019-01-10,4.248599655653371,29.81209386029574,7.447888216086531,12.288151863391729,17.128415510696925,9.689948043006115,35.26159619890022,1.7917056388332586
10,2019-01-11,4.269224534321833,29.966914100596675,7.4450527375006725,12.29487439350483,17.14469604950899,9.709483736568778,35.10698806218735,1.800403495634467
11,2019-01-12,4.2907547873922,30.128620795044473,7.441637178062576,12.301438071410509,17.161238964758443,9.729853635734647,34.94560945096613,1.8094831639859794
12,2019-01-13,4.321615121772214,30.297146416678128,7.437643608610378,12.307836622618305,17.178029636626235,9.75104084483907,34.77752119197725,1.8224974839046322
13,2019-01-14,4.344657857270625,30.472420858830162,7.433074570060421,12.314064040161925,17.19505351026343,9.773028086066738,34.60278649621869,1.8322149914301318
14,2019-01-15,4.368212894955916,30.654371500105185,7.4279330577243465,12.320114592008697,17.212296126293047,9.795797745448949,34.42147091154458,1.8421485453689004
15,2019-01-16,4.392570151988357,30.842923270548756,7.422222505181382,12.325982827817356,17.229743150453327,9.819331918342598,34.23364227468881,1.8524204086435359
16,2019-01-17,4.418020212824265,31.0379987188456,7.415946767800862,12.331663585035127,17.24738040226939,9.843612454189534,34.03937066284777,1.8631531255865572
17,2019-01-18,4.444285022218848,31.239518080394486,7.409110106005498,12.33715199432741,17.265193882649328,9.868621000369346,33.838728344948095,1.8742294356438103
18,2019-01-19,4.471356328397952,31.447399346106593,7.401717168360483,12.342443484335497,17.28316980031051,9.894339044973881,33.63178973271382,1.8856458589039167
19,2019-01-20,4.499223503046411,31.661558331794954,7.393772974568137,12.347533785760032,17.301294596951927,9.920747958347446,33.418631331641066,1.8973979132283476
20,2019-01-21,4.5278773822422345,31.881908748020432,7.38528289844182,12.352418934770213,17.319554971098608,9.947829033253115,33.199331691965966,1.9094817340377026
21,2019-01-22,4.561202493833225,32.10836227027416,7.376252650927316,12.357095275740871,17.33793790055443,9.975563523541418,32.973971359711214,1.9235354917912424
22,2019-01-23,4.591553332793496,32.3408286093824,7.366688263233338,12.361559463321608,17.356430663409878,10.003932681214174,32.742632827879774,1.9363349489573414
23,2019-01-24,4.622259855505896,32.57921558202907,7.3565960701273845,12.365808463844559,17.375020857561736,10.032917791792467,32.5054004878586,1.949284403919416
24,2019-01-25,4.653898455229732,32.82342918130148,7.345982693446794,12.369839556079253,17.393696418711713,10.062500207913168,32.262360581075995,1.962626931369503
25,2019-01-26,4.6862039510685705,33.073373647168154,7.334855025869628,12.373650331344884,17.412445636820134,10.09266138109377,32.01360115095953,1.9762507000817964
26,2019-01-27,4.719171111993708,33.32895153680972,7.323220214983909,12.377238692992748,17.431257171001583,10.123382891620135,31.759211995222163,1.9901535040438725
27,2019-01-28,4.771338223374807,33.59006379473245,7.311085647688966,12.380602855272894,17.450120062856826,10.154646476525187,31.499284618505662,2.0121532487123974
28,2019-01-29,4.804583309609502,33.856609822586606,7.298458934957273,12.383741341601274,17.469023748245274,10.186434055640307,31.233912185395706,2.0261732584327627
29,2019-01-30,4.838036981634379,34.12848754864139,7.285347896980942,12.386652982245053,17.48795806750916,10.21872775571309,30.963189473829573,2.0402812322746597
30,2019-01-31,4.872314346475848,34.40559349685223,7.271760548722203,12.389336911445685,17.506913274169165,10.251509932596583,30.687212828898883,2.0547365711741685
31,2019-02-01,4.907143948939736,34.68782285547018,7.257705085883632,12.39179256400044,17.52588004211725,10.284763191525546,30.40608011706221,2.0694247979290314
32,2019-02-02,4.942238840094862,34.975069545146525,7.243189871310168,12.39401967132498,17.544849471339784,10.31847040550513,30.117474006299172,2.0842249013685747
33,2019-02-03,4.978170845719595,35.267226286488814,7.228223421831793,12.396018257020321,17.563813092208854,10.352614731845112,29.823981019274225,2.099378030001619
34,2019-02-04,5.014642205062039,35.56418466702535,7.2128143955527815,12.39778863196922,17.58276286838566,10.387179626881407,29.52586807048766,2.1147586131315963
35,2019-02-05,5.051734327973242,35.865835207537735,7.196971579590979,12.399331388987612,17.601691198384245,10.422148858932333,29.223244465944656,2.1304009826563095
36,2019-02-06,5.089371733967029,36.172067427726674,7.180703878268725,12.400647397058062,17.6205909158474,10.457506519543497,28.916220950914525,2.14627330719044
37,2019-02-07,5.12738209653928,36.482769911169456,7.1640203017545065,12.40173779517269,17.639455288590874,10.493237033079453,28.604909678853932,2.162302913760731
38,2019-02-08,5.165743758422531,36.797830369538666,7.146929955153515,12.402603985813865,17.658278016474213,10.529325164724979,28.289424181973292,2.1784806691347347
39,2019-02-09,5.214808327698833,37.117135706037935,7.129442028043826,12.40324762810152,17.67705322815921,10.565756026961202,27.969879343576405,2.199172019830087
40,2019-02-10,5.2528009859557425,37.44057207802859,7.111565784454036,12.403670630636274,17.69577547681851,10.602515084585097,27.64639137230179,2.2151941601940512
41,2019-02-11,5.291297996751957,37.76802495880184,7.093310553276874,12.403875144067928,17.714439734858985,10.63958815834202,27.31907777842867,2.2314289944717456
42,2019-02-12,5.330048611534178,38.09937919846888,7.07468571911369,12.40386355341899,17.733041387724295,10.676961427242494,26.98805735241452,2.247770777798206
43,2019-02-13,5.369046924135368,38.434519083922275,7.055700713543658,12.403638470192966,17.751576226842275,10.71462142963468,26.653450145867637,2.2642170194438638
44,2019-02-14,5.408270128497923,38.77332839784075,7.0363650068112324,12.40320272429702,17.77004044178281,10.75255506310435,26.31537745516468,2.2807581017122263
45,2019-02-15,5.447686200661656,39.115690476695065,7.016688099925783,12.402559355808451,17.78843061169112,10.790749583273218,25.973961807961732,2.297380519562881
46,2019-02-16,5.487263619735129,39.46148826771814,6.9966795171672675,12.401711606613983,17.806743696060703,10.829192601566172,25.629326952869686,2.3140709801079344
47,2019-02-17,5.526684267463022,39.81060438480038,6.97634879899118,12.400662911950477,17.824977024909774,10.867872082016056,25.28159785259847,2.3306953275506364
48,2019-02-18,5.570058265605231,40.162921163277886,6.955705495327102,12.399416891875067,17.843128288423035,10.906776337173628,24.93090068089953,2.3489868690816746
49,2019-02-19,5.6099276712912856,40.51832071356757,6.934759159264874,12.397977342692089,17.861195526119303,10.94589402318801,24.577362823690567,2.365800465272029
50,2019-02-20,5.649781705992347,40.876684973623384,6.913519341122485,12.396348228363177,17.879177115603866,10.98521413412107,24.221112884763922,2.382607579260548
51,2019-02-21,5.6896162826773855,41.23789576016925,6.89199558289032,12.394533671926247,17.897071760962174,11.024725995556677,23.862280696547455,2.3994064874777883
52,2019-02-22,5.7294048745591475,41.60183481868192,6.870197413046534,12.392537946947973,17.914878480849417,11.064419257563644,23.498402208405647,2.4161860031332414
53,2019-02-23,5.7691113583155715,41.96838387208557,6.848134341738192,12.39036546903315,17.932596596328104,11.104283887068078,23.1311277897769,2.432930892416928
54,2019-02-24,5.808418486585277,42.33742466813418,6.82581585632325,12.388020787413348,17.950225718503443,11.144310159688636,22.761270517629388,2.4495073668026612
55,2019-02-25,5.8478468058320665,42.708839025448704,6.803251417268472,12.385508576635967,17.96776573600346,11.184488651085239,22.388952557797847,2.46613494945338
56,2019-02-26,5.88712941994588,43.082508878186644,6.780450454398698,12.382833628373364,17.98521680234803,11.224810227869098,22.014296696280173,2.4827010858089613
57,2019-02-27,5.9259779888760855,43.45831631932649,6.757422363491968,12.38000084337041,18.002579323248852,11.265266038119048,21.637426325676852,2.4990841780403588
58,2019-02-28,5.964949415638964,43.8361436425382,6.734176503216228,12.377015223547424,18.019853943878623,11.305847501546573,21.25846543538773,2.515519081477663
59,2019-03-01,6.003760145000557,44.215873382633816,6.710722192402181,12.373881864273887,18.037041536145594,11.34654629934909,20.877538605979186,2.5318862161291635
60,2019-03-02,6.042378408134955,44.597388354585156,6.687068707647079,12.370605946826757,18.05414318600644,11.387354363788413,20.494771008200377,2.548172184548847
61,2019-03-03,6.080635765787227,44.98057169110203,6.663225281244052,12.367192731045765,18.07116018084748,11.428263867528749,20.110288407161246,2.5643059530815506
62,2019-03-04,6.118828910270221,45.365306878761736,6.639201099431286,12.363647548196377,18.08809399696147,11.469267212765995,19.724217172272773,2.580412641845199
63,2019-03-05,6.156615773894382,45.75147779270204,6.615005300954353,12.359975794049474,18.104946287144593,11.5103570201778,19.336684293615797,2.5963479951654733
64,2019-03-06,6.19400242158049,46.13896872987438,6.590646975935811,12.356182922185369,18.12171886843492,11.551526117721277,18.947817405512218,2.612114570721054
65,2019-03-07,6.23100076751892,46.52766444086932,6.566135165044516,12.352274437527893,18.138413710011275,11.592767529303368,18.557744818162234,2.6277173929255846
66,2019-03-08,6.267335673307529,46.91745016033118,6.5414788589569035,12.348255890112906,18.15503292126891,11.63407446334636,18.166595558358566,2.6430404313063125
67,2019-03-09,6.303555110790608,47.30821163597472,6.516686998103023,12.344132869093936,18.17157874008485,11.675440301269381,17.774499420442016,2.658314774768505
68,2019-03-10,6.33908464115286,47.699835156228424,6.491768472687216,12.339910996985978,18.188053521284736,11.715995055461171,17.38158702883095,2.6732981728419003
69,2019-03-11,6.374464599924038,48.0922075765334,7.46777754187921,13.33577750576032,19.203777469641427,11.756594485198061,16.98798991369916,2.6882184940700156
70,2019-03-12,6.409408382861579,48.485216344315056,7.442636526925151,13.331378438595106,19.220120350265056,11.798097335278758,16.593840601626685,2.7029548726431405
71,2019-03-13,6.443897574632541,48.87874952267387,7.417394857504887,13.326897296659713,19.23639973581454,11.839634361989566,16.199272723368058,2.7174995425069177
72,2019-03-14,6.477917889899906,49.27269581281874,7.39206123025559,13.322339782636597,19.2526183350176,11.881199632687238,15.804421141265122,2.731846479295446
73,2019-03-15,6.511457890579795,49.666944575285235,7.366644295417878,13.317711607483664,19.268778919549447,11.922787318272025,15.409422099294973,2.7459908593771667
74,2019-03-16,6.544221789883218,50.06138584997535,7.341152658280982,13.313018486039528,19.284884313798074,11.964391681516279,15.01441339929664,2.7598079445087333
75,2019-03-17,6.576742195097106,50.45591037506084,7.315594880824801,13.308266132835051,19.3009373848453,12.006007065416679,14.619534607606814,2.7735223441042174
76,2019-03-18,6.608465801021748,50.850409604789064,7.2899794835447524,13.303460258101609,19.31694103265847,12.047627881578169,14.224927297158278,2.7869007200930382
77,2019-03-19,6.6399346727169615,51.24477572623355,7.264314947444966,13.298606563965514,19.332898180486062,12.08924859863707,13.830735331110345,2.8001716703905104
78,2019-03-20,6.670870930603601,51.638901675033495,7.238609716184564,13.293710740816959,19.348811765449348,12.130863730730095,13.437105195329453,2.8132180085236262
79,2019-03-21,6.701266673262213,52.03268115016033,7.212872198361838,13.288778463841219,19.364684729320597,12.17246782601554,13.044186388572275,2.826036402331452
80,2019-03-22,6.7311147150641535,52.426008627752786,7.187110769919798,13.283815389698944,19.380520009478087,12.214055455252161,12.65213188111904,2.8386238215140307
81,2019-03-23,6.760114551252633,52.81877937405912,7.161333776656664,13.27882715334167,19.396320530026674,12.255621200441539,12.261098654979982,2.8508535381819686
82,2019-03-24,6.788822966946226,53.21088945752536,7.135549536824708,13.27381936494845,19.412089193072187,12.29715964353878,11.871248341734805,2.8629603579459197
83,2019-03-25,6.816965942437319,53.60223576005885,7.109766343799325,13.268797606968569,19.427828870137812,12.338665355236834,11.482747977752732,2.8748287221053532
84,2019-03-26,6.844537993812148,53.992715987504475,7.083992468801626,13.263767431255507,19.443542393709393,12.380132883829512,11.095770901202389,2.886456318001979
85,2019-03-27,6.871534526158503,54.3822286793557,7.058236163655733,13.258734356276607,19.459232548897482,12.421556744158412,10.710497821116855,2.897841207884354
86,2019-03-28,6.897951084570412,54.77067321772997,7.032505663563574,13.253703864383185,19.474902065202798,12.462931406649083,10.327118096228064,2.908981513044009
87,2019-03-29,6.923211908005056,55.15891336238895,7.006809189878265,13.248681399125509,19.490553608372753,12.504251286442168,9.945831270781618,2.919634425405191
88,2019-03-30,6.948419588431698,55.549492293541654,6.981154952858254,13.243672362597401,19.506189772336548,12.545510732625749,9.5668489266747,2.930264926469753
89,2019-03-31,6.973037485304625,55.93877360491939,6.95555115438353,13.238682112795189,19.521813071206843,12.586704017575228,9.190396926855067,2.9406467059308388
90,2019-04-01,6.997071535854702,56.32665677653087,6.930005990616093,13.233715960976294,19.537425931336493,12.627825326408264,8.816718144996436,2.950782267618153
91,2019-04-02,7.020516816345948,56.713042041920865,6.904527654585682,13.228779169002895,19.55303068342011,12.668868746562397,8.440426253956378,2.96066953510976
92,2019-04-03,7.043373425953206,57.0978303893809,6.879124338683885,13.2238769466569,19.56862955462991,12.709828257504078,8.05066774800008,2.9703085502293516
93,2019-04-04,7.065641693961328,57.48092356242407,6.853804237047577,13.219014448912738,19.584224660777902,12.750697720578692,7.662604846588653,2.979699451841866
94,2019-04-05,7.087030656841459,57.86222405953299,6.828575547814972,13.214196773155514,19.599817998496054,12.79147086901184,7.276346281124135,2.988719535753545
95,2019-04-06,7.108102231907953,58.241635133179784,6.803446475236521,13.209428956332559,19.6154114374286,12.832141298073545,6.892000406840067,2.997605771907968
96,2019-04-07,7.128587887278044,58.61906078811446,6.7784252316237765,13.204715972027516,19.631006712431258,12.87270245541785,6.509675266074305,3.006244915912263
97,2019-04-08,7.148488923707743,58.994405778908884,6.753520039119856,13.200062727446891,19.646605415773926,12.913147631611407,6.129478678745651,3.014637516317027
98,2019-04-09,7.167519648134682,59.3675756067561,6.728739131274985,13.195474060310104,19.662208989345224,12.953469950866346,5.751518371770006,3.0226630915725017
99,2019-04-10,7.186243492450095,59.73847651550101,6.7040907544116894,13.190954735635145,19.6778187168586,12.993662361993517,5.375902165331223,3.0305592503447034
100,2019-04-11,7.2043890718342105,60.10701548689667,6.679583168764381,13.186509442413055,19.693435716061728,13.033717629593584,5.002738243965201,3.03821154510944
101,2019-04-12,7.221666410241873,60.47310023505792,6.655224649378288,13.182142790165708,19.70906093095313,13.073628325505508,4.632135557262757,3.0454976881113693
102,2019-04-13,7.238644502926898,60.836639200106795,6.631023486754057,13.177859305382608,19.724695124011156,13.113386820532506,4.264204424195146,3.0526576341796967
103,2019-04-14,7.2550552655517935,61.1975415409802,6.6069879872240405,13.173663427833693,19.740338868443345,13.152985276467811,3.899057467437008,3.059578327658889
104,2019-04-15,7.270903295383832,61.55571712738983,6.583126473047052,13.169559506756439,19.755992540465826,13.192415638443691,3.536811102264419,3.066261707293559
105,2019-04-16,7.286240286440237,61.91107653091155,6.559447282209551,13.165551796917011,19.77165631162447,13.231669627628955,3.1775879976543338,3.0727295733166455
106,2019-04-17,7.301041322879905,62.26353101519538,6.535958767920838,13.161644454546433,19.78733014117203,13.270738734301656,2.821521329220044,3.078971418300614
107,2019-04-18,7.315306856913942,62.612992525280205,6.51266929779125,13.1578415331543,19.803013768517353,13.309614211325318,2.468762539752579,3.0849874329504625
108,2019-04-19,7.328756574993917,62.959373676009164,6.4895872526825364,13.154146979223757,19.81870670576498,13.348287068058614,2.119496493381664,3.0906594043475657
109,2019-04-20,7.341950332263309,63.30258773954691,6.466721025220222,13.15056462779302,19.834408230365817,13.386748064729693,1.7739737371326596,3.0962234327835025
110,2019-04-21,7.35462790014776,63.642548631995176,6.444079017958389,13.147098197929958,19.850117377901526,13.424987707308633,1.4325874585464695,3.1015697755096374
111,2019-04-22,7.3667963364199665,63.979170899137046,6.421669641188196,13.143751288107673,19.86583293502715,13.462996242911762,1.0960882984035059,3.1067014089069347
112,2019-04-23,7.3784630502952515,64.31236970131098,6.3995013103813,13.140527371490329,19.881553432599354,13.500763655774202,0.7663413008397485,3.1116214575655996
113,2019-04-24,7.3896357987441466,64.64206079746926,6.377582443261346,13.137429791139752,19.897277139018158,13.53827966382735,0.4502541349170522,3.1163331927300355
114,2019-04-25,7.400322678707708,64.96816052845412,6.355921456495367,13.134461755154545,19.913002053813727,13.575533715919866,0.20101820832418893,3.1208400290159086
115,2019-04-26,7.41053211602414,65.29058579955688,6.334526761999524,13.131626331754731,19.92872590150994,13.612514989721298,0.3046519762799768,3.125145519740323
116,2019-04-27,7.419986285466647,65.6092540624322,6.313406762852802,13.128926444326009,19.94444612579921,13.649212390348799,0.5935433340145291,3.1291325013515667
117,2019-04-28,7.4292504450968595,65.92408329645964,6.2925698488139306,13.126364866438784,19.96015988406364,13.685614549757789,0.9005936080363593,3.133039352642301
118,2019-04-29,7.438064623404494,66.23499198966411,6.272024391436776,13.123944216858302,19.975864042279824,13.721709826938262,1.2088148370702152,3.136756439272117
119,2019-04-30,7.446438424495794,66.54189911932038,6.251778738780559,13.121666954562789,19.99155517034502,13.757486308958534,1.5148497556668874,3.1402878114534865
120,2019-05-01,7.454381692679449,66.84472413239634,6.231841209711861,13.119535373787826,20.007229537863786,13.792931812898516,1.8175696316223053,3.1436376206962757
121,2019-05-02,7.461904493580573,67.14338692600408,6.212220087796338,13.117551599115576,20.02288311043481,13.828033888714074,2.11645750130112,3.146810111843195
122,2019-05-03,7.469017094942346,67.43780782805553,6.192923614778603,13.115717580628356,20.03851154647811,13.86277982307403,2.411219420393445,3.149809614973527
123,2019-05-04,7.475729947195305,67.72790757834473,6.173959983650131,13.114035089146554,20.054110194642977,13.897156644210044,2.701658915078852,3.1526405372088755
124,2019-05-05,7.48205572774956,68.01360731030348,6.155337331305353,13.112505711571488,20.06967409183762,13.93115112781885,2.987627989099709,3.155308224825429
125,2019-05-06,7.487999001989924,68.29482853370206,6.137063730787855,13.11113084635399,20.08519796192013,13.964749804054389,3.2690052918479147,3.157814603122434
126,2019-05-07,7.4935768423386175,68.5714931185967,6.119147183129392,13.109911699110043,20.10067621509069,13.997938965645995,3.5456853818277794,3.160166871826304
127,2019-05-08,7.498798169953078,68.84352328085234,6.101595608785711,13.108849278404755,20.1161029480238,14.030704677175603,3.817573028894165,3.1623687931385596
128,2019-05-09,7.503674054601464,69.11084156959508,6.084416838674467,13.107944391726138,20.131471944777807,14.063032785545072,4.084580002185166,3.1644250353658516
129,2019-05-10,7.508238224535989,69.37337085698067,6.067618604822395,13.107197641670123,20.14677667851785,14.094908931660644,4.346623168744984,3.1663498222770876
130,2019-05-11,7.512517884590001,69.63103433068027,6.0512085306299195,13.106609422358016,20.16201031408611,14.126318563358272,4.603623322214496,3.16815462660617
131,2019-05-12,7.516485559243383,69.88375548952972,6.035194120763602,13.106179916107486,20.177165711451366,14.157246949589243,4.855504437314543,3.1698278614660516
132,2019-05-13,7.5201520507653985,70.13145814278528,6.019582750688544,13.10590909037758,20.19223543006661,14.187679195880474,5.102193182568487,3.171374082354619
133,2019-05-14,7.523528177830745,70.37406641347471,6.004381655854829,13.105796695008095,20.20721173416136,14.217600261079097,5.343618594996086,3.1727978516882036
134,2019-05-15,7.526624757335693,70.6115047463317,5.989597920554225,13.105842259772704,20.222086598991183,14.246994975384796,5.579711859425224,3.174103731133147
135,2019-05-16,7.529452586347674,70.84369792082309,5.9752384664659495,13.106045092264871,20.236851718063797,14.275848059667238,5.810406157127946,3.1752962739936352
136,2019-05-17,7.532022424241026,71.07057106978247,5.961310040912323,13.106404276134544,20.251498511356765,14.304144146059494,6.035636561443891,3.1763800176780466
137,2019-05-18,7.534344975063791,71.29204970416734,5.947819204848193,13.106918669692888,20.26601813453758,14.331867799810588,6.255339965893958,3.177359476262733
138,2019-05-19,7.53643087017307,71.50805974445211,5.934772320610274,13.10758690490127,20.28040148919226,14.359003542373419,6.469455035171451,3.178239133169059
139,2019-05-20,7.53829065117092,71.71852755915394,5.92217553945571,13.108407386759584,20.294639234063457,14.385535875695512,6.677922172487201,3.179023433967184
140,2019-05-21,7.539934753167855,71.92338001097114,5.9100347889219575,13.109378293107966,20.308721797293977,14.411449307672576,6.880683498781264,3.179716779318
141,2019-05-22,7.541373488397126,72.12254451097348,5.898355760043077,13.110497574854556,20.322639389666033,14.436728378715364,7.077682840644186,3.1803235180629987
142,2019-05-23,7.542617030199517,72.31594908125452,5.887143894460599,13.111762956640739,20.336382018820878,14.461357689371994,7.268865724702594,3.1808479404703918
143,2019-05-24,7.543675397396103,72.50352242638492,5.876404371470289,13.11317193795386,20.349939504437433,14.48532192893856,7.454179376847338,3.181294271644843
144,2019-05-25,7.544558439063898,72.6851940139562,5.866142095049293,13.114721794695924,20.363301494342554,14.508605904981797,7.633572725107332,3.1816666651070995
145,2019-05-26,7.545275819727873,72.86089416441035,5.85636168091092,13.116409581215343,20.37645748151977,14.531194573688303,7.806996405291931,3.1819691965492245
146,2019-05-27,7.5458969862354515,73.03055415026773,5.847067443637654,13.118232132807115,20.389396821976575,14.553073070945755,7.974402768729665,3.182231152870009
147,2019-05-28,7.54640744648861,73.19410630475446,5.838263383945862,13.120186068685303,20.40210875342474,14.574226744052627,8.135745891599628,3.1824464225089755
148,2019-05-29,7.546781515343556,73.35148413971271,5.829953176138163,13.122267795429941,20.41458241472172,14.59464118394417,8.29098158545941,3.182604173610759
149,2019-05-30,7.547027816419986,73.50262247255024,5.822140155802239,13.124473510908864,20.426806866015482,14.614302257814217,8.440067408664781,3.182708042900233
150,2019-05-31,7.547154716905453,73.64745756183387,5.814827307817122,13.126799208673221,20.438771109529316,14.633196142004415,8.582962678431695,3.1827615589605376
151,2019-06-01,7.547170315695909,73.7859272509928,5.808017254730009,13.129240682823692,20.450464110917373,14.651309355025433,8.719628483347261,3.1827681372317524
152,2019-06-02,7.547082432027629,73.91797111942951,5.801712245568392,13.131793533342766,20.461874821117142,14.66862879056794,8.85002769616398,3.1827310752167874
153,2019-06-03,7.546898594606846,74.04353064017387,5.795914145153597,13.134453171886587,20.472992198619576,14.68514175035576,8.974124986743579,3.1826535478971665
154,2019-06-04,7.546626031243183,74.1625493430573,5.790624423982865,13.137214828028224,20.483805232073586,14.70083597668834,9.09188683503377,3.1825386033612735
155,2019-06-05,7.546271658992355,74.27497298221634,5.785844148747345,13.140073555942624,20.4943029631379,14.715699684516359,9.203281543984781,3.182389158647364
156,2019-06-06,7.545842074813581,74.38074970657325,5.7815739735535185,13.143024241521484,20.504474509489448,14.729721592891204,9.308279252316025,3.18220799580364
157,2019-06-07,7.545343546746423,74.47983023180892,5.777814131914897,13.146061609905129,20.51430908789536,14.742890955627745,9.406851947062151,3.1819977581673746
158,2019-06-08,7.544782005611852,74.57216801219617,5.7745644295796374,13.149180233416331,20.52379603725302,14.755197591019522,9.498973475833614,3.181760946865112
159,2019-06-09,7.54416303724162,74.6577194105588,5.771824238258106,13.152374539879887,20.53292484150167,14.76663191044638,9.584619558734587,3.181499917535665
160,2019-06-10,7.543491875239952,74.7364438645296,5.769592490311876,13.15563882131002,20.541685152308165,14.777184945717144,9.6637677998918,3.1812168772775977
161,2019-06-11,7.542773394281083,74.80830404721918,5.767867674462814,13.158967242946279,20.55006681142974,14.786848374993617,9.73639769855058,3.1809138818226868
162,2019-06-12,7.5420121039458055,74.87326602037963,5.766647832577235,13.162353852617226,20.558059872657218,14.795614547147188,9.802490659706798,3.180592832936687
163,2019-06-13,7.541212143099878,74.93129937814997,5.765930557575865,13.165792590410017,20.56565462324417,14.803476504406198,9.862030004246268,3.1802554760486155
164,2019-06-14,7.5403772748166,74.98237737951555,5.765712992515588,13.169277298622449,20.572841604729312,14.810428003159608,9.915000978574971,3.1799033981095133
165,2019-06-15,7.539510881845666,75.02647706768974,5.765991830883471,13.172801731973333,20.579611633063198,14.816463532792154,9.961390763728522,3.179538025681588
166,2019-06-16,7.538615962629672,75.06357937474833,5.76676331813773,13.17635956804572,20.58595581795371,14.821578332436356,10.00118848396078,3.1791606232583067
167,2019-06-17,7.537695127869523,75.0936692100012,5.768023254523659,13.179944417936479,20.5918655813493,14.82576840553816,10.034385214819647,3.1787722918159695
168,2019-06-18,7.536750597639233,75.1167355307761,5.769766999185894,13.183549837085305,20.597332674984717,14.829030532145985,10.060973990729366,3.1783739675969747
169,2019-06-19,7.535784199050299,75.13277139451428,5.771989475590874,13.18716933625504,20.60234919691921,14.8313622788462,10.080949812109193,3.1779664211248453
170,2019-06-20,7.534797364465334,75.14177399132522,5.774685178265823,13.190796392634745,20.606907607003667,14.832762006282476,10.094309652071825,3.177550256450886
171,2019-06-21,7.533791130260058,75.14374465642155,5.77784818085277,13.194424461036542,20.611000741220312,14.833228874211548,10.101052462758389,3.177125910632098
172,2019-06-22,7.532766136132329,75.13868886214063,5.781472145467966,13.1980469851567,20.614621824845432,14.832762844063422,10.101179181378946,3.1766936534397834
173,2019-06-23,7.531722624956371,75.12661618955582,5.785550333348927,13.201657408871132,20.617764484393334,14.831364678989692,10.094692736047838,3.1762535872980697
174,2019-06-24,7.53066044317987,75.10754027997677,5.790075616763318,13.205249187535488,20.620422758307658,14.829035941400162,10.08159805151776,3.1758056474513743
175,2019-06-25,7.529579041761146,75.08147876692917,5.795040492145544,13.20881579925971,20.62259110637388,14.825778988003432,10.061902054936622,3.1753496023596246
176,2019-06-26,7.528510121353611,75.04845318948058,5.8004370944193,13.212350756127265,20.624264417835228,14.821596962383296,10.035613681773384,3.1748988207193505
177,2019-06-27,7.52745023327874,75.00848888803777,5.806257212456497,13.215847615329253,20.625438018202004,14.816493785158238,10.002743882083722,3.174451848165052
178,2019-06-28,7.526367549422989,74.96161488397229,5.812492305615584,13.219299990183963,20.62610767475234,14.810474141786349,9.963305627311811,3.1739952622481273
179,2019-06-29,7.52525976502346,74.90786374463029,5.8191335212955995,13.222701561012947,20.626269600730293,14.803543468092284,9.917313917856976,3.173528091011457
180,2019-06-30,7.524124192509138,74.84727143545054,5.826171713435565,13.22604608584507,20.625920458254573,14.795707933606252,9.86478579166922,3.173049201061328
181,2019-07-01,7.5229577660304905,74.77987716104165,5.833597461883153,13.229327410920789,20.625057359958422,14.786974422818307,9.794688072491109,3.1725572994776385
182,2019-07-02,7.521757046492835,74.7057231971588,5.841401092551105,13.232539480969567,20.623677869388025,14.77735051446161,9.718025806594026,3.172050935936557
183,2019-07-03,7.520518227087555,74.62485471556974,5.8495726982755025,13.235676349234359,20.621780000193215,14.766844458950048,9.634968126174659,3.1715285050431254
184,2019-07-04,7.519237139314994,74.53731960381374,5.858102160285691,13.238732187217824,20.619362214149948,14.75546515410371,9.545539556503353,3.170988248871216
185,2019-07-05,7.517909259492495,74.44316828182643,5.866979170192811,13.241701294126187,20.616423418059565,14.743222119304091,9.449766813056906,3.1704282597080815
186,2019-07-06,7.516529715740979,74.3424535173501,5.876193252401368,13.244578105987895,20.612962959574425,14.73012546822741,9.347678809012203,3.1698464830007094
187,2019-07-07,7.515093295442984,74.23523024195642,5.885733786846434,13.247357204425132,20.608980622003827,14.716185880309215,9.239306667335411,3.169240720501005
188,2019-07-08,7.513594453165264,74.12329921597313,5.89559003195853,13.250033325058018,20.60447661815751,14.701414571097773,9.124683738214753,3.168608633606882
189,2019-07-09,7.512027319038428,74.00748921170354,5.905751147757703,13.252601365522416,20.59945158328713,14.685823261655404,9.003845622751228,3.167947746896099
190,2019-07-10,7.510385707586431,73.88509116744366,5.916206218979396,13.255056393083844,20.59390656718829,14.669424147168652,8.876830204016777,3.1672554518497997
191,2019-07-11,7.508663126998137,73.756160100365,5.9269442781356245,13.257393651831618,20.587843025527615,14.6522298649274,8.743677686842863,3.1665290107624915
192,2019-07-12,7.506852788833422,73.62075342282455,5.93795432841741,13.259608569438793,20.581262810460174,14.634253461831715,8.604430648002227,3.1657655608352666
193,2019-07-13,7.504947618155957,73.4789307732214,5.949225366346873,13.26169676347527,20.574168160603666,14.615508361582515,8.459134098832344,3.164962118448971
194,2019-07-14,7.502940264084722,73.3307538498334,5.9607464040910525,13.263654047263062,20.56656169043507,14.596008331708298,8.307835562831883,3.1641155836139503
195,2019-07-15,7.50082311075627,73.17628624891613,5.972506491352609,13.265476435264294,20.55844637917598,14.575767450575366,8.150585171369823,3.1632227445930243
196,2019-07-16,7.498588288689617,73.01559330820282,5.9844947367582915,13.26716014799464,20.54982555923099,14.55480007452322,7.987435781430442,3.1622802826942467
197,2019-07-17,7.496227686545366,72.84874195677754,5.996700328669512,13.268701616456244,20.54070290424297,14.533120805260431,7.818443120323857,3.16128477722993
198,2019-07-18,7.493732963270887,72.67580057213591,6.009112555345444,13.270097486086126,20.531082416826802,14.510744457648835,7.643665963591995,3.1602327106384673
199,2019-07-19,7.49109556062279,72.49683884509292,6.021720824394375,13.271344620218008,20.520968416041644,14.48768602799633,7.463166354048239,3.1591204737652707
200,2019-07-20,7.4883067160581245,72.31192765304142,6.034514681454782,13.272440103056987,20.510365524659186,14.46396066297001,7.277009872129975,3.157944371299205
201,2019-07-21,7.485357475985447,72.12113894192396,6.047483828053649,13.273381242168377,20.499278656283103,14.439583629232951,7.0852659707206405,3.1567006273607854
202,2019-07-22,7.482238709366605,71.92454561714294,6.060618138595825,13.274165570483838,20.48771300237185,14.414570283898923,6.888008391603263,3.155385391238279
203,2019-07-23,7.478941121660051,71.72222144350883,6.073907676444186,13.27479084782954,20.47567401921489,14.388936045890047,6.685315686097494,3.153994743267831
204,2019-07-24,7.475455269096134,71.51424095422043,6.0873427090567995,13.275255061982678,20.463167414908558,14.362696368273596,6.47727186983058,3.152524700853597
205,2019-07-25,7.471771573274709,71.30067936876219,6.100913722153675,13.27555642926456,20.450199136375446,14.335866711644607,6.263967251802912,3.150971224623797
206,2019-07-26,7.467880336074914,71.08161251952095,6.114611432890849,13.275693394679717,20.436775356468576,14.308462518612231,6.045499492158698,3.1493302247184203
207,2019-07-27,7.463771754866936,70.85711678685206,6.128426802027439,13.275664631612269,20.422902461197094,14.280499189438688,5.821974963277375,3.1475975672042806
208,2019-07-28,7.459435938015133,70.62726904225663,6.142351045074927,13.275469041092105,20.408587037109278,14.25199205887094,5.593510517740955,3.145769080612943
209,2019-07-29,7.454862920661505,70.39214659928732,6.156375642425159,13.275105750644745,20.393835858864332,14.22295637419736,5.360235808817155,3.1438405625968775
210,2019-07-30,7.450042680778336,70.15182717175566,6.170492348458318,13.27457411274025,20.37865587702218,14.193407274552987,5.12229637126813,3.141807786699127
211,2019-07-31,7.444965155478295,69.90638883878628,6.1846931996370635,13.27387370285744,20.36305420607782,14.163359771489986,4.879857763574932,3.139666509231551
212,2019-08-01,7.439620257570002,69.6559100162454,6.198970521598313,13.273004317181218,20.34703811276412,14.132828730822341,4.633111215186929,3.1374124762565843
213,2019-08-02,7.433997892346689,69.40046943405518,6.213316935258176,13.271965969951347,20.330615004644518,14.10182885574736,4.382281444273772,3.1350414306672953
214,2019-08-03,7.428087974595119,69.14014611890879,6.2277253619501,13.270758890482377,20.31379241901465,14.070374671240318,4.127637663938187,3.132549119360336
215,2019-08-04,7.421880445811689,68.8750193818928,6.242189027619834,13.269383519874964,20.296578012130094,14.038480509712672,3.869509367215243,3.1299313004962563
216,2019-08-05,7.415391124949413,68.60516881054262,6.2567014661041345,13.267840507439656,20.278979548775176,14.006160497919204,3.608309432199413,3.1271946451925103
217,2019-08-06,7.408588707922003,68.33067426486238,6.271256521523879,13.26613070685482,20.26100489218576,13.97342854509472,3.344568707719893,3.1243259519915663
218,2019-08-07,7.401456074692984,68.05161587686008,6.285848349824285,13.264255172080883,20.242661994337485,13.940298332296543,3.0789890653991794,3.1213180010872823
219,2019-08-08,7.393983484581758,67.76807405317251,6.300471419497603,13.2622151530534,20.223958886609193,13.906783302925481,2.8125269544736997,3.118166684671494
220,2019-08-09,7.386297155485663,67.4801294803663,6.315120511525818,13.260012091177797,20.204903670829776,13.87289665439463,2.5465287114834116,3.1149252309456585
221,2019-08-10,7.378084994229251,67.1878631325398,6.329790718582157,13.257647614648794,20.185504510715436,13.838651330912365,2.2829558814598374,3.1114620249901286
222,2019-08-11,7.369506995661893,66.89135628086387,6.3444774435322,13.255123533617462,20.165769623702726,13.804060017343897,2.024769793421047,3.107844539312797
223,2019-08-12,7.360553965335788,66.59166324447321,6.359176397275519,13.252441835228908,20.145707273182296,13.769135134113409,1.776596937222459,3.104068896461021
224,2019-08-13,7.3512168974605325,66.29056959365913,6.3738835959703355,13.249604678553382,20.125325761136427,13.73388883310763,1.5458612155686662,3.1001312985421388
225,2019-08-14,7.3414869929056925,65.98558894382032,6.388595357683441,13.246614389433212,20.10463342118299,13.698332994540166,1.3445279032400586,3.0960280348154616
226,2019-08-15,7.331444797204538,65.67679616159468,6.403308298507821,13.243473455267695,20.083638612027563,13.662479224735456,1.190918964784286,3.0917930726815066
227,2019-08-16,7.321045868831264,65.36426659934213,6.41801932819073,13.240184519757433,20.062349711324142,13.626338854790326,1.1085825547914767,3.0874076704044464
228,2019-08-17,7.310222804521162,65.04807611975431,6.432725645313691,13.23675037762914,20.040775109944587,13.589922940071448,1.1168265822618102,3.0828434028985496
229,2019-08-18,7.298967165085491,64.72830111938602,6.4474247320659925,13.233173969361081,20.01892320665617,13.553242260506403,1.2168548304031257,3.0780967112165665
230,2019-08-19,7.287270783458767,64.40501855102706,6.4621143486517925,13.229458375928541,19.99680240320529,13.516307321627089,1.374037168458095,3.0731641511701846
231,2019-08-20,7.275125782263042,64.07830594487027,6.476792527370089,13.22560681358792,19.974421099805753,13.47912835632415,1.5139375136258564,3.0680424007371774
232,2019-08-21,7.2627936560644,63.74824142843678,6.491457566405496,13.221622628716899,19.9517876910283,13.441715327272295,1.709485750548445,3.0628417365560967
233,2019-08-22,7.249717214307574,63.41490374523713,6.506108023366098,13.21750929272714,19.928910562088188,13.404077929986903,1.9457591496189135,3.0573271820368433
234,2019-08-23,7.2361704036859615,63.078372272171556,6.520742708603337,13.213270397064903,19.905798085526463,13.366225596473848,2.2112763030460414,3.0516142650886313
235,2019-08-24,7.222146687289701,62.73872703566154,6.535360678346572,13.20890964831359,19.882458618280605,13.32816749943501,2.4980548359218506,3.0457002289870787
236,2019-08-25,7.207639902882295,62.396048726548315,6.549961227684024,13.20443086341107,19.858900499138116,13.289912556993947,2.8007209152186094,3.039582475013837
237,2019-08-26,7.192644278330233,62.050418713769695,6.564543883418302,13.199837964993375,19.835132046568447,13.251469437907094,3.1156502896433143,3.033258568963521
238,2019-08-27,7.1771544462372905,61.7019190568598,6.579108396824411,13.195134976874709,19.811161556925004,13.212846567227484,3.4403549648843192,3.02672624731524
239,2019-08-28,7.1611654575750014,61.350632517305506,6.593654736334509,13.190326019672645,19.78699730301078,13.174052132389455,3.7730842940526257,3.0199834229807925
240,2019-08-29,7.144672794060127,60.99664256881539,6.608183080172153,13.185415306585693,19.762647532999235,13.135094089684628,4.112572336786389,3.013028190524456
241,2019-08-30,7.127672378992337,60.64003340653956,6.62269380895649,13.180407139329017,19.738120469701542,13.095980171100384,4.457877732430467,3.005858830733416
242,2019-08-31,7.110160586245423,60.28088995530046,6.637187498294475,13.175305904232603,19.713424310170733,13.056717891494422,4.8082809125415595,2.9984738144095147
243,2019-09-01,7.092199463056953,59.9192978768851,6.651664911376677,13.170116068504703,19.688567225632728,13.017314556080006,5.163216940892851,2.990899307912123
244,2019-09-02,7.074116793358018,59.5553435764544,6.66612699159049,13.164842176661761,19.663557361733027,12.977777268198416,5.522230771128931,2.9832735432153648
245,2019-09-03,7.0550546823587865,59.189114208116706,6.680574855161675,13.159488847124715,19.638402839087753,12.938112937356435,5.884946851459469,2.9752347317166294
246,2019-09-04,7.03554001884981,58.82069767972908,6.695009783833319,13.154060768979907,19.6131117541265,12.898328287508441,6.251048083149949,2.96700507124428
247,2019-09-05,7.0154885104367155,58.45018265695713,6.709433217588856,13.148562698901504,19.58769218021415,12.858429865564064,6.620260992633817,2.9585490142837125
248,2019-09-06,6.994898690817948,58.077658566658236,6.7238467474238615,13.14299945823085,19.562152169037837,12.818424050103882,6.992345107126293,2.9498659424709994
249,2019-09-07,6.973769634813661,57.703215599613884,6.738252108168921,13.13737593020674,19.536499752244556,12.778317060286879,7.367085223643216,2.940955465642304
250,2019-09-08,6.952371342927197,57.326944712657316,6.7526511713640724,13.131697057339414,19.510742943314753,12.738114964935095,7.744285702487583,2.931931447532393
251,2019-09-09,6.930140615341648,56.94893763022683,6.767045938183326,13.125967838919554,19.484889739655785,12.697823691781648,8.123766199091508,2.9225563773448795
252,2019-09-10,6.907371127148033,56.56928684536809,6.781438532405824,13.120193328652583,19.45894812489934,12.657449036870164,8.505358432501462,2.9129541027847052
253,2019-09-11,6.884064244835187,56.18808562021155,6.795831193428474,13.114378632407167,19.432926071385857,12.616996674094302,8.888903711027876,2.903125200123099
254,2019-09-12,6.86022188849281,55.805427985935225,6.810226269313386,13.108528906065894,19.4068315428184,12.576472164867432,9.274251017856237,2.89307047909405
255,2019-09-13,6.835846513616526,55.4214087422245,6.82462620986152,13.102649353465086,19.38067249706865,12.535880967913416,9.661255515609316,2.882790975221192
256,2019-09-14,6.811210770457725,55.03612345623223,6.839033559703144,13.096745224409549,19.35445688911595,12.49522844917052,10.049777367798898,2.8724016696824277
257,2019-09-15,6.786024375112854,54.64966846103369,6.853450951393486,13.090821812747688,19.32819267410189,12.454519891801331,10.439680802410093,2.8617801448933733
258,2019-09-16,6.760033875474268,54.26630075654355,6.867881098502025,13.084884454491096,19.301887810480167,12.413760506302044,10.83083336229358,2.850819515854913
259,2019-09-17,6.733546139265179,53.88296736621829,6.882326788681671,13.078938525962549,19.275550263243428,12.372955440705828,11.22310530098957,2.8396491938259585
260,2019-09-18,6.706570712262875,53.49866521967969,6.896790876703937,13.072989441955578,19.249188007207216,12.332109790874847,11.61636909274648,2.8282732044206846
261,2019-09-19,6.67907030485531,53.113491200566486,6.911276277445193,13.06704265388839,19.22280903033159,12.291228610876777,12.010499032949184,2.8166758219850903
262,2019-09-20,6.651051092169418,52.727543040237144,6.925785958808668,13.061103647934578,19.196421337060485,12.25031692344156,12.392472843232401,2.804859650673637
263,2019-09-21,6.622786082583166,52.3409193093707,6.9403229345661925,13.055177943112898,19.1700329516596,12.209379730494737,12.77124822881826,2.792939822692204
264,2019-09-22,6.593726633258545,51.953719409048766,6.954890257103811,13.049271089318193,19.143651921532577,12.1684220237642,13.151549747890574,2.7806849661662354
265,2019-09-23,6.5641702168717115,51.56604356127924,6.969491010054739,13.043388665275675,19.11728632049661,12.127448795456893,13.533187508338829,2.7682205303059333
266,2019-09-24,6.534125475494982,51.177992798919185,6.984128300803737,13.037536276400793,19.090944251997847,12.086465049002502,13.915979027611872,2.755550159617948
267,2019-09-25,6.503598502282567,50.78966895495207,6.998805252846962,13.031719552547159,19.064633852247354,12.045475809861125,14.299748329169885,2.7426764236874717
268,2019-09-26,6.472864792235016,50.40117465106889,7.013524997991434,13.025944145625559,19.038363293259682,12.004486136391646,14.68432516135247,2.729715503370776
269,2019-09-27,6.441667343813811,50.01261328549951,7.02829066837941,13.020215727077165,19.012140785774918,11.963501130777383,15.06954432090166,2.716559016814293
270,2019-09-28,6.409720781041771,49.62408902003903,7.043105388323195,13.014539985185023,18.98597458204685,11.922525950005658,15.455245066167157,2.703086616188397
271,2019-09-29,6.377331664700943,49.235706766216,7.057972265936813,13.008922622208356,18.9598729784799,11.88156581689693,15.841270607388715,2.6894275833097714
272,2019-09-30,6.344509942028382,48.84757217054035,7.072894384552154,13.003369351325084,18.933844318098014,11.840626031179127,16.22746766339042,2.6755861130948975
273,2019-10-01,6.311272057896928,48.459791598779034,7.087874793908266,12.997885893368847,18.90789699282943,11.799711980602119,16.61368607566622,2.6615691406221043
274,2019-10-02,6.277621279086318,48.07247211919689,7.102916501103853,12.992477973347807,18.88203944559176,11.758829152086404,16.999778472206234,2.647378043547125
275,2019-10-03,6.243567642496117,47.685721484712204,7.118022461304293,12.987151316733623,18.85628017216295,11.717983142899357,17.385599974549823,2.6330170545986245
276,2019-10-04,6.209385597558808,47.299648113908,7.133195568196466,12.981911645510111,18.830627722823756,11.677179671851738,17.77100794252466,2.618601913699308
277,2019-10-05,6.1745516107521725,46.91436107084786,7.1484386441861405,12.97676467397244,18.80509070375874,11.636424590505401,18.155861751926057,2.603911837993671
278,2019-10-06,6.139635439267309,46.52997004365235,7.163754430334539,12.971716104269012,18.779677778203478,11.595723894383056,18.540022601085333,2.5891871036326317
279,2019-10-07,6.104098889594602,46.14658532178111,7.17914557603302,12.966771621679557,18.75439766732609,11.555083734168516,18.92335334282846,2.574200745398444
280,2019-10-08,6.068248975612704,45.76431777198317,7.19461462841663,12.961936889624504,18.729259150832377,11.514510426885444,19.305718338835625,2.5590822361862187
281,2019-10-09,6.032108320496422,45.38327881287869,7.210164021519724,12.957217544402248,18.704271067284772,11.474010467040465,19.686983333795563,2.5438411165677093
282,2019-10-10,5.9959604240179765,45.003580388133365,7.225796065179146,12.95261918965237,18.679442314125595,11.433590537715348,20.067015347117422,2.528596943145483
283,2019-10-11,5.959272232221742,44.62533493820179,7.241512933692984,12.948147390544761,18.654781847396535,11.393257521590657,20.44568258023613,2.513124918137798
284,2019-10-12,5.922352719122219,44.24865537061055,7.257316654245317,12.943807667695962,18.630298681146606,11.353018511882201,20.822854337820274,2.4975553410618847
285,2019-10-13,5.885219170189039,43.8736550287674,7.2732090951103645,12.939605490816007,18.60600188652165,11.312880823168848,21.198400961382866,2.4818955014898183
286,2019-10-14,5.847888366126221,43.500447659280034,7.289191953651793,12.935546272090534,18.581900590529273,11.272852002088724,21.57219377399436,2.46615247612556
287,2019-10-15,5.810378693542074,43.12914737777295,7.3052667441360555,12.931635359304808,18.55800397447356,11.232939837878407,21.944105034940144,2.450334018909809
288,2019-10-16,5.772983006850333,42.75986863321129,7.321434785381069,12.92787802871806,18.534321272055053,11.193152372727388,22.314007903311666,2.43456363145415
289,2019-10-17,5.735416172634398,42.39272617072118,7.337697188265008,12.924279477698011,18.51086176713101,11.15349791191792,22.681776409617584,2.418721068220817
290,2019-10-18,5.697451628613316,42.02871924737828,7.354054843122489,12.920844817127499,18.48763479113251,11.113985033717485,23.04728543462242,2.4027107841010147
291,2019-10-19,5.659400552548138,41.668335467821564,7.370508407058411,12.917579063596559,18.46464972013471,11.074622598989032,23.41041069468406,2.386664007968805
292,2019-10-20,5.621292509144629,41.31028546233672,7.387058291212804,12.914487131395084,18.441915971577362,11.035419760481071,23.771028732954086,2.3705932077558183
293,2019-10-21,5.583156834394701,40.95468470120153,7.403704648013026,12.911573824322735,18.419443000632445,10.996385971757263,24.129016915855296,2.3545107549412214
294,2019-10-22,5.545019103895716,40.60164881414625,7.42044735845227,12.90884382733443,18.397240296216587,10.95753099572231,24.48425343432093,2.3384274351828136
295,2019-10-23,5.5068970790985565,40.251293545426414,7.4372860194367085,12.906301698041087,18.37531737664547,10.918864912698307,24.836617309318555,2.322350738781936
296,2019-10-24,5.465448965691524,39.90373470754512,7.4542199312458095,12.903951858086934,18.35368378492806,10.880398128002723,25.185988401236024,2.304871375102291
297,2019-10-25,5.427340799005455,39.55908813365382,7.471248085153774,12.901798584425954,18.33234908369813,10.842141378976628,25.532247422740447,2.2888005228989834
298,2019-10-26,5.389630879510982,39.217469628657,7.488369151262338,12.89984600052124,18.31132284978014,10.804105741409156,25.875275954759346,2.2728976182070126
299,2019-10-27,5.351793317209501,38.87899491905415,7.505581466597344,12.89809806749258,18.290614668387814,10.766302635301127,26.214956465263466,2.2569408844053096
300,2019-10-28,5.3141341014589605,38.5437796015451,7.522883023525082,12.896558575238192,18.270234126951298,10.728743829908725,26.550386849446568,2.241059362331443
301,2019-10-29,5.276677957234426,38.211939090439245,7.540271458545211,12.895231133558054,18.2501908085709,10.691441448005508,26.881365302495517,2.225263478921541
302,2019-10-30,5.2394508589561,37.88358856389743,7.557744041520201,12.894119163306826,18.23049428509345,10.65440796929861,27.20898525591281,2.2095641880236747
303,2019-10-31,5.202477228619027,37.55884290904614,7.575297665402653,12.893225887605329,18.211154109808003,10.617656232933387,27.533124218301005,2.193971788802223
304,2019-11-01,5.166041957282153,37.23781666599533,7.5929288365234475,12.892554323140203,18.192179809756958,10.581199439018478,27.853661036935968,2.178606424588668
305,2019-11-02,5.1295994912033045,36.92062397079947,7.610633665505327,12.892107271581896,18.173580877658463,10.545051149102358,28.170475903476326,2.163238026231911
306,2019-11-03,5.082089852935904,36.60737849739229,7.628407858867399,12.891887311151567,18.15536676343573,10.508483638045567,28.48345036285982,2.143202415988107
307,2019-11-04,5.045880400288645,36.29819339853478,6.646991325928895,11.891902194347825,17.13681306276675,10.47226493673403,28.792467325123244,2.1279322832984264
308,2019-11-05,5.009995051711096,35.993181245805275,6.664892077024284,11.892152905760183,17.11941373449608,10.437142087877795,29.09741107991008,2.112798830723685
309,2019-11-06,4.974608458250036,35.69245396866797,6.682846574773411,11.892637092806268,17.10242761083913,10.402386204553931,29.398167313451776,2.097875711535716
310,2019-11-07,4.939749582035828,35.39612279265134,6.700848823485684,11.893356348857,17.085863874228316,10.368012635253425,29.69462312782846,2.0831751395500078
311,2019-11-08,4.9054505030240705,35.10429817666701,6.7188923939409655,11.894312004695188,17.069731615449413,10.334037066441821,29.98666706235314,2.068710643421176
312,2019-11-09,4.871742036559366,34.817089749498074,6.736970420581163,11.895505121642113,17.054039822703068,10.300475513652536,30.274189116916148,2.054495218496197
313,2019-11-10,4.838916830972205,34.534606245493464,6.755075599855235,11.89693648504995,17.038797370244666,10.26734431097399,30.555452313257398,2.0406522794778974
314,2019-11-11,4.806432881709116,34.256955439489126,6.7732001897779615,11.898606598189541,17.024013006601123,10.234660098870261,30.831492613380238,2.026953253967503
315,2019-11-12,4.774816574810674,33.98424408099455,6.791336010760586,11.900515676562087,17.009695342363592,10.2024398102787,31.10244765387404,2.0136201277752894
316,2019-11-13,4.725390191704697,33.71657782766976,6.809474447767937,11.902663642662521,16.995852837557102,10.170700654933531,31.36821953097928,1.992776194127582
317,2019-11-14,4.693633058702269,33.45406117812905,6.827606453852881,11.905050121221336,16.982493788589792,10.13946010187054,31.628711823406984,1.97938367920848
318,2019-11-15,4.6626308980053786,33.19679740410154,6.845722555114454,11.90767443495045,16.969626314786446,10.108735860074809,31.88382963321398,1.9663095487564095
319,2019-11-16,4.63240386686905,32.94488848198727,6.8638128571211166,11.910535600817406,16.957258344513697,10.078545857241501,32.13347962724563,1.9535623034234484
320,2019-11-17,4.602979273942885,32.69843502384766,6.881867052834786,11.913632326870955,16.945397600907125,10.048908216628579,32.377570079145514,1.941153459724553
321,2019-11-18,4.574386998720548,32.457536207872344,6.899874432065722,11.916963009639513,16.934051587213304,10.019841231990275,32.6160109119312,1.9290956183426835
322,2019-11-19,4.546652430552668,32.22394955439269,6.9178238924805715,11.9205257321223,16.923227571764027,9.991363340590823,32.84871374113463,1.9173994863922719
323,2019-11-20,4.519788750983078,31.996703118558127,6.935703952179407,11.924318262391456,16.912932572603502,9.963493094309847,33.075591918499775,1.9060706227511426
324,2019-11-21,4.494053099480827,31.775411702894818,6.953502763849675,11.928338052821546,16.90317334179342,9.936249128863217,33.296560576233276,1.895217467440481
325,2019-11-22,4.469123707520658,31.56016570043312,6.971208130495655,11.932582239961,16.89395634942635,9.909650131176768,33.511536671789976,1.8847043252835622
326,2019-11-23,4.420980517663514,31.3510536554171,6.988807522734614,11.937047645058087,16.885287767381556,9.883714804964528,33.72043903317656,1.8644015357223747
327,2019-11-24,4.396086479056419,31.148162193851572,7.0062880976403505,11.941730775252068,16.877173452863783,9.858461834577666,33.92318840474307,1.8539033026666158
328,2019-11-25,4.372166167637957,30.951575954057507,7.023636719105577,11.946627825437968,16.86961893177036,9.833909847206131,34.11970749342406,1.8438157066762342
329,2019-11-26,4.349227418933619,30.761377517322437,7.040839979684864,11.951734680811388,16.86262938193791,9.810077373530559,34.30992101538464,1.8341420521235743
330,2019-11-27,4.327283612015823,30.57764733874843,7.057884223869409,11.95704692009754,16.85620961632567,9.786982806938234,34.493755743009615,1.8248879811875738
331,2019-11-28,4.306341173744818,30.400463678400268,7.074755572734423,11.962559819466433,16.850364066198445,9.764644361433215,34.67114055216796,1.81605620418285
332,2019-11-29,4.278226486650103,30.229902532875617,7.091439949890013,11.968268357133972,16.845096764377928,9.743080028386757,34.84200646966989,1.804199769714
333,2019-11-30,4.258996477322988,30.066037567420825,7.107923108655597,11.97416721864637,16.840411328637142,9.722307532290417,35.00628672082069,1.796090152678099
334,2019-12-01,4.240773475757639,29.90894004873272,7.12419066036806,11.980250802843061,16.83631094531806,9.702344285689547,35.16391677696677,1.7884052076827153
335,2019-12-02,4.223520271512849,29.758678778586663,7.140228103723768,11.986513228490981,16.832798353258198,9.683207343489753,35.31483440291193,1.7811292424615162
336,2019-12-03,4.207078437829157,29.615320028447698,7.156020855045129,11.99294834158081,16.829875828116485,9.664913356843165,35.45897970407531,1.774195445796389
337,2019-12-04,4.163225235509395,29.478927475227508,7.1715542793534235,11.999549723273553,16.827545167193684,9.647478526834028,35.596295173246375,1.7557018158370066
338,2019-12-05,4.147497382700135,29.34956213835225,7.186813722120989,12.006310698483542,16.8258076748461,9.630918558194749,35.72672573678641,1.749069116865807
339,2019-12-06,4.132858979450392,29.227282318319162,7.201784541568678,12.013224345081817,16.82466414859495,9.615248613293776,35.85021880011206,1.7428958570221358
340,2019-12-07,4.119310454049346,29.112143536922368,7.216452141367282,12.020283503701638,16.824114866035995,9.600483266644822,35.966724292293215,1.7371822169227145
341,2019-12-08,4.106853639145997,29.004198479328913,7.230802003596087,12.02748078812584,16.824159572655596,9.58663646019341,36.07619470958608,1.7319289694263225
342,2019-12-09,4.095489639201661,28.90349693819415,7.24481972180709,12.034808596233646,16.8247974706602,9.573721459641,36.17858515772097,1.727136580302797
343,2019-12-10,4.08548804883382,28.81008576000107,7.25849103403969,12.042259121482706,16.826027208925723,9.561750812068574,36.27385339275961,1.7229187421180399
344,2019-12-11,4.076290638138207,28.724008793813233,7.271801855628461,12.049824364900068,16.827846874171676,9.550736305121816,36.36195986033557,1.7190400399710708
345,2019-12-12,4.068168432208365,28.645306842621483,7.284738311645956,12.057496147554282,16.830253983462605,9.540688928016108,36.44286773309112,1.715614769683507
346,2019-12-13,4.073406772420344,28.574017617468463,7.2972867688223975,12.06526612347875,16.8332454781351,9.531618834614832,36.5094194190273,1.717823865493097
347,2019-12-14,4.0675129910144925,28.510175694522175,7.309433866786576,12.073125793015272,16.836817719243967,9.523535308825618,36.56804564572336,1.7153383591534108
348,2019-12-15,4.062555954470056,28.45440482291244,7.321166548475088,12.08106651654489,16.840966484614693,9.516446732548708,36.61932888762015,1.7132478938122597
349,2019-12-16,4.028564155217502,28.40990837982308,7.332472089562032,12.089079528572046,16.845686967582058,9.51036055639821,36.66324712998474,1.6989129827048204
350,2019-12-17,4.024502296238304,28.372969822609488,7.343338126767177,12.097155952126537,16.850973777485894,9.50528327340078,36.69978121885216,1.6972000287371547
351,2019-12-18,4.0215117756426,28.34360759989382,7.353752684908192,12.105286813446927,16.85682094198566,9.501220395858493,36.7289148840406,1.6959388761107264
352,2019-12-19,4.019591167716351,28.32183685414728,7.363704202571219,12.113463056907932,16.863221911244647,9.498176435541863,36.75063475928571,1.6951289235780445
353,2019-12-20,4.018732054463119,28.307669401465244,7.373181556283694,12.121675560153273,16.870169564022852,9.496154887356829,36.76493039937689,1.6947666211290096
354,2019-12-21,4.018929230245055,28.30111371519357,7.3821740830846805,12.129915149395167,16.877656215705645,9.495158216605025,36.771794294193754,1.6948497734589463
355,2019-12-22,4.020178085005492,28.30217491348374,7.390671601399599,12.13817261484074,16.88567362828188,9.495187849931632,36.77122187955906,1.6953764364297397
356,2019-12-23,4.022474250182665,28.31085475083615,7.398664430138818,12.146438726205243,16.894213022271668,9.496244170027643,36.76321154484237,1.6963447677457202
357,2019-12-24,4.025813288721927,28.327151613673085,7.406143405953312,12.15470424827182,16.903265090590327,9.498326514126365,36.74776463726993,1.6977528962266224
358,2019-12-25,4.030469514154047,28.35106051996374,7.413099898593941,12.1629599564573,16.91282001432066,9.501433176305538,36.7248854629142,1.6997165044831237
359,2019-12-26,4.0355855489895776,28.38257312290505,7.419525824335342,12.171196652343511,16.92286748035168,9.505561413578375,36.69458128435858,1.7018740220668502
360,2019-12-27,4.042011018222382,28.421677718642762,7.425413657439514,12.179405179133841,16.93339670082817,9.51070745572875,36.65686231505227,1.7045837500689338
361,2019-12-28,4.049458013546655,28.468359257998728,7.430756439648466,12.187576436994945,16.944396434341417,9.516866518818267,36.61174171039104,1.7077242727343511
362,2019-12-29,4.05792080112421,28.52259936215166,7.4355477877092255,12.195701398244076,16.955855008778922,9.524032822266326,36.559235555577885,1.711293172007498
363,2019-12-30,4.06739432140117,28.58437634220126,7.439781898948164,12.203771122343042,16.967760345737922,9.532199609379099,36.49936285033819,1.7152883141897566
364,2019-12-31,4.077874823395732,28.653665222528783,7.443453554924628,12.211776770660464,16.9800999863963,9.541359171179046,36.432145490579835,1.7197081174292719
